IP地址,端口,TLS,数据中心,源IP位置,地区,城市,地区(中文),国家,城市(中文),国旗,网络延迟
27.254.163.51,10327,true,SIN,TH,Asia Pacific,Singapore,亚洲,新加坡,新加坡,🇸🇬,152 ms
171.103.222.142,18110,true,BKK,TH,Asia Pacific,Bangkok,亚洲,泰国,曼谷,🇹🇭,272 ms
171.103.223.30,10239,true,BKK,TH,Asia Pacific,Bangkok,亚洲,泰国,曼谷,🇹🇭,287 ms
171.103.14.207,10071,true,BKK,TH,Asia Pacific,Bangkok,亚洲,泰国,曼谷,🇹🇭,384 ms
171.103.231.6,18082,true,BKK,TH,Asia Pacific,Bangkok,亚洲,泰国,曼谷,🇹🇭,391 ms
171.103.231.6,33399,true,BKK,TH,Asia Pacific,Bangkok,亚洲,泰国,曼谷,🇹🇭,401 ms
171.103.164.62,30921,true,SIN,TH,Asia Pacific,Singapore,亚洲,新加坡,新加坡,🇸🇬,402 ms
171.103.14.55,10111,true,BKK,TH,Asia Pacific,Bangkok,亚洲,泰国,曼谷,🇹🇭,413 ms
171.103.14.247,10034,true,BKK,TH,Asia Pacific,Bangkok,亚洲,泰国,曼谷,🇹🇭,428 ms
